customer_id,first_order_date,last_order_date,avg_days_between_shop,max_order_date,days_since_last_shop,churn_threshold,total_orders,churned
AA-10315,31/03/2015,29/06/2018,296.5,30/12/2018,184,889.5,5,N
AA-10375,21/04/2015,12/11/2018,162.625,30/12/2018,48,487.875,9,N
AA-10480,05/04/2015,15/04/2018,368.6666667,30/12/2018,259,1106,4,N
AA-10645,12/01/2015,11/05/2018,243,30/12/2018,233,729,6,N
AB-10015,18/02/2015,11/10/2017,483,30/12/2018,445,1449,3,N
AB-10060,18/09/2016,16/09/2018,104,30/12/2018,105,312,8,N
AB-10105,20/12/2015,19/11/2018,118.3333333,30/12/2018,41,355,10,N
AB-10150,03/05/2015,19/11/2018,324,30/12/2018,41,972,5,N
AB-10165,16/11/2015,15/09/2018,147.7142857,30/12/2018,106,443.1428571,8,N
AB-10255,22/07/2015,17/07/2018,136.375,30/12/2018,166,409.125,9,N
AB-10600,18/11/2015,11/10/2018,352.6666667,30/12/2018,80,1058,4,N
AC-10420,07/12/2015,05/12/2018,547,30/12/2018,25,1641,3,N
AC-10450,31/10/2015,19/12/2018,190.8333333,30/12/2018,11,572.5,7,N
AC-10615,15/09/2016,24/12/2018,207.5,30/12/2018,6,622.5,5,N
AC-10660,15/10/2015,23/03/2018,222.5,30/12/2018,282,667.5,5,N
AD-10180,19/11/2015,13/11/2018,155.7142857,30/12/2018,47,467.1428571,8,N
AF-10870,12/06/2016,19/11/2018,148.3333333,30/12/2018,41,445,7,N
AF-10885,05/10/2015,11/10/2017,245.6666667,30/12/2018,445,737,4,N
AG-10270,13/05/2015,27/03/2018,262.25,30/12/2018,278,786.75,5,N
AG-10300,26/04/2015,09/03/2018,349.3333333,30/12/2018,296,1048,4,N
AG-10330,08/03/2017,22/12/2018,218,30/12/2018,8,654,4,N
AG-10390,09/03/2015,09/07/2018,304.5,30/12/2018,174,913.5,5,N
AG-10495,01/04/2016,13/10/2018,154.1666667,30/12/2018,78,462.5,7,N
AG-10525,09/02/2015,09/07/2016,172,30/12/2018,904,516,4,Y
AG-10675,05/07/2016,24/09/2018,135.1666667,30/12/2018,97,405.5,7,N
AG-10765,17/09/2015,14/10/2018,374.3333333,30/12/2018,77,1123,4,N
AG-10900,23/07/2015,25/09/2018,128.8888889,30/12/2018,96,386.6666667,10,N
AH-10030,22/04/2015,18/12/2018,222.6666667,30/12/2018,12,668,7,N
AH-10075,16/11/2015,26/11/2018,122.8888889,30/12/2018,34,368.6666667,10,N
AH-10120,18/07/2015,31/10/2018,200.1666667,30/12/2018,60,600.5,7,N
AH-10195,03/05/2016,24/08/2018,281,30/12/2018,128,843,4,N
AH-10210,29/11/2015,24/12/2018,140.125,30/12/2018,6,420.375,9,N
AH-10465,17/01/2016,14/05/2018,212,30/12/2018,230,636,5,N
AH-10585,26/10/2015,12/09/2018,350.6666667,30/12/2018,109,1052,4,N
AH-10690,04/02/2015,15/11/2017,92.27272727,30/12/2018,410,276.8181818,12,Y
AI-10855,28/04/2015,17/12/2018,147.6666667,30/12/2018,13,443,10,N
AJ-10780,01/10/2015,16/10/2018,185.1666667,30/12/2018,75,555.5,7,N
AJ-10795,14/05/2015,17/07/2018,193.3333333,30/12/2018,166,580,7,N
AJ-10945,03/03/2015,31/08/2018,255.4,30/12/2018,121,766.2,6,N
AJ-10960,14/09/2015,17/10/2018,564.5,30/12/2018,74,1693.5,3,N
AM-10360,10/06/2015,28/05/2018,270.75,30/12/2018,216,812.25,5,N
AM-10705,31/10/2015,21/07/2018,142,30/12/2018,162,426,8,N
AO-10810,16/08/2017,16/08/2017,0,30/12/2018,501,0,1,Y
AP-10720,03/03/2015,19/11/2018,271.4,30/12/2018,41,814.2,6,N
AP-10915,23/08/2015,23/09/2018,125.2222222,30/12/2018,98,375.6666667,10,N
AR-10345,30/12/2015,09/10/2018,338,30/12/2018,82,1014,4,N
AR-10405,10/03/2015,27/08/2018,316.5,30/12/2018,125,949.5,5,N
AR-10510,05/02/2015,16/12/2018,352.5,30/12/2018,14,1057.5,5,N
AR-10540,25/11/2015,24/12/2018,225,30/12/2018,6,675,6,N
AR-10570,14/07/2017,14/07/2017,0,30/12/2018,534,0,1,Y
AR-10825,30/06/2015,21/07/2018,159.5714286,30/12/2018,162,478.7142857,8,N
AS-10045,27/07/2015,09/04/2018,164.5,30/12/2018,265,493.5,7,N
AS-10090,22/09/2015,16/09/2018,136.25,30/12/2018,105,408.75,9,N
AS-10135,13/11/2017,19/11/2018,371,30/12/2018,41,1113,2,N
AS-10225,18/10/2015,17/09/2018,266.25,30/12/2018,104,798.75,5,N
AS-10240,15/03/2015,21/06/2018,298.5,30/12/2018,192,895.5,5,N
AS-10285,11/04/2017,12/11/2018,116,30/12/2018,48,348,6,N
AS-10630,08/01/2015,29/09/2018,226.6666667,30/12/2018,92,680,7,N
AT-10435,27/12/2015,12/09/2018,247.5,30/12/2018,109,742.5,5,N
AT-10735,11/03/2015,17/12/2018,153,30/12/2018,13,459,10,N
AW-10840,13/04/2016,12/10/2018,304,30/12/2018,79,912,4,N
AW-10930,14/07/2015,14/11/2018,203.1666667,30/12/2018,46,609.5,7,N
AY-10555,04/06/2015,16/12/2018,430.3333333,30/12/2018,14,1291,4,N
AZ-10750,17/03/2015,23/07/2018,244.8,30/12/2018,160,734.4,6,N
BB-10990,27/07/2015,16/09/2018,286.75,30/12/2018,105,860.25,5,N
BB-11545,06/05/2016,08/12/2018,118.25,30/12/2018,22,354.75,9,N
BC-11125,07/06/2015,06/11/2018,156,30/12/2018,54,468,9,N
BD-11320,31/05/2016,04/12/2018,83.36363636,30/12/2018,26,250.0909091,12,N
BD-11500,02/01/2015,25/11/2018,284.6,30/12/2018,35,853.8,6,N
BD-11560,30/05/2016,27/03/2018,666,30/12/2018,278,1998,2,N
BD-11605,13/01/2015,24/09/2018,270,30/12/2018,97,810,6,N
BD-11620,30/06/2015,22/10/2018,242,30/12/2018,69,726,6,N
BD-11635,10/05/2015,21/12/2018,660.5,30/12/2018,9,1981.5,3,N
BD-11725,07/03/2016,28/09/2018,187,30/12/2018,93,561,6,N
BD-11770,05/02/2017,02/06/2018,96.4,30/12/2018,211,289.2,6,N
BE-11335,15/01/2017,17/07/2018,137,30/12/2018,166,411,5,N
BE-11410,02/07/2017,23/09/2018,112,30/12/2018,98,336,5,N
BE-11455,08/02/2016,05/06/2017,161,30/12/2018,573,483,4,Y
BF-10975,08/01/2015,30/09/2018,226.8333333,30/12/2018,91,680.5,7,N
BF-11005,25/09/2015,21/11/2018,384.3333333,30/12/2018,39,1153,4,N
BF-11020,15/02/2015,17/10/2018,191.4285714,30/12/2018,74,574.2857143,8,N
BF-11080,28/11/2015,09/12/2018,553.5,30/12/2018,21,1660.5,3,N
BF-11170,13/04/2015,14/12/2018,134.1,30/12/2018,16,402.3,11,N
BF-11215,11/09/2015,26/10/2018,380.3333333,30/12/2018,65,1141,4,N
BF-11275,22/03/2015,07/10/2018,647.5,30/12/2018,84,1942.5,3,N
BG-11035,11/05/2015,31/08/2018,172.5714286,30/12/2018,121,517.7142857,8,N
BG-11695,05/11/2015,24/11/2018,223,30/12/2018,36,669,6,N
BG-11740,23/03/2015,17/04/2018,224.2,30/12/2018,257,672.6,6,N
BH-11710,06/09/2015,12/07/2018,148.5714286,30/12/2018,171,445.7142857,8,N
BK-11260,08/03/2015,14/10/2018,263.2,30/12/2018,77,789.6,6,N
BM-11140,09/08/2015,26/02/2018,310.6666667,30/12/2018,307,932,4,N
BM-11575,15/09/2016,21/09/2018,147.2,30/12/2018,100,441.6,6,N
BM-11650,07/09/2015,27/11/2018,117.7,30/12/2018,33,353.1,11,N
BM-11785,09/02/2015,26/05/2018,133.5555556,30/12/2018,218,400.6666667,10,N
BN-11470,09/12/2015,12/06/2018,305.3333333,30/12/2018,201,916,4,N
BN-11515,17/03/2015,21/12/2018,343.75,30/12/2018,9,1031.25,5,N
BO-11350,01/03/2017,15/08/2018,133,30/12/2018,137,399,5,N
BO-11425,09/10/2016,16/10/2018,737,30/12/2018,75,2211,2,N
BP-11050,10/12/2015,10/08/2018,243.5,30/12/2018,142,730.5,5,N
BP-11095,06/07/2015,13/12/2018,114.1818182,30/12/2018,17,342.5454545,12,N
BP-11155,06/04/2016,07/10/2018,182.8,30/12/2018,84,548.4,6,N
BP-11185,24/03/2016,29/12/2018,144.2857143,30/12/2018,1,432.8571429,8,N
BP-11230,20/04/2015,21/11/2018,327.75,30/12/2018,39,983.25,5,N
BP-11290,10/03/2015,18/12/2018,229.8333333,30/12/2018,12,689.5,7,N
BS-11365,05/04/2015,20/06/2017,201.75,30/12/2018,558,605.25,5,N
BS-11380,29/11/2015,03/12/2018,275,30/12/2018,27,825,5,N
BS-11590,14/01/2015,25/11/2018,282.2,30/12/2018,35,846.6,6,N
BS-11665,23/06/2015,27/05/2017,352,30/12/2018,582,1056,3,N
BS-11755,08/03/2015,29/12/2018,232,30/12/2018,1,696,7,N
BS-11800,26/09/2016,04/09/2018,708,30/12/2018,117,2124,2,N
BT-11305,25/04/2015,28/01/2018,252.25,30/12/2018,336,756.75,5,N
BT-11395,28/10/2015,03/03/2018,171.4,30/12/2018,302,514.2,6,N
BT-11440,06/04/2015,18/06/2017,268,30/12/2018,560,804,4,N
BT-11485,27/12/2016,03/11/2017,311,30/12/2018,422,933,2,N
BT-11530,21/05/2015,30/09/2018,307,30/12/2018,91,921,5,N
BT-11680,28/11/2015,20/11/2018,181.3333333,30/12/2018,40,544,7,N
BV-11245,26/03/2016,30/01/2018,168.75,30/12/2018,334,506.25,5,N
BW-11065,25/05/2015,06/01/2018,478.5,30/12/2018,358,1435.5,3,N
BW-11110,20/03/2016,31/08/2018,127.7142857,30/12/2018,121,383.1428571,8,N
BW-11200,30/09/2015,06/10/2018,275.5,30/12/2018,85,826.5,5,N
CA-11965,26/01/2015,25/09/2018,267.6,30/12/2018,96,802.8,6,N
CA-12055,09/05/2016,24/11/2017,141,30/12/2018,401,423,5,N
CA-12265,25/03/2015,19/10/2018,186.2857143,30/12/2018,72,558.8571429,8,N
CA-12310,19/07/2015,17/12/2018,415.6666667,30/12/2018,13,1247,4,N
CA-12775,28/06/2015,05/12/2018,209.3333333,30/12/2018,25,628,7,N
CB-12025,21/03/2015,13/11/2018,190.4285714,30/12/2018,47,571.2857143,8,N
CB-12415,11/05/2016,16/11/2018,131.2857143,30/12/2018,44,393.8571429,8,N
CB-12535,01/02/2016,16/06/2018,123.7142857,30/12/2018,197,371.1428571,8,N
CC-12100,16/12/2015,29/09/2017,163.25,30/12/2018,457,489.75,5,N
CC-12145,20/07/2015,15/09/2018,192.1666667,30/12/2018,106,576.5,7,N
CC-12220,10/04/2015,16/11/2018,131.6,30/12/2018,44,394.8,11,N
CC-12370,23/05/2017,17/11/2018,135.75,30/12/2018,43,407.25,5,N
CC-12430,09/06/2016,30/12/2018,103.7777778,30/12/2018,0,311.3333333,10,N
CC-12475,16/05/2015,21/11/2018,160.625,30/12/2018,39,481.875,9,N
CC-12550,12/01/2018,15/06/2018,77,30/12/2018,198,231,3,N
CC-12610,27/08/2015,26/11/2018,197.8333333,30/12/2018,34,593.5,7,N
CC-12670,23/12/2015,18/06/2018,151.3333333,30/12/2018,195,454,7,N
CC-12685,22/03/2015,23/10/2016,193.6666667,30/12/2018,798,581,4,Y
CD-11920,24/03/2015,20/11/2018,334.25,30/12/2018,40,1002.75,5,N
CD-11980,24/11/2017,11/06/2018,99.5,30/12/2018,202,298.5,3,N
CD-12280,11/05/2018,18/11/2018,191,30/12/2018,42,573,2,N
CD-12790,02/02/2015,26/11/2017,257,30/12/2018,399,771,5,N
CG-12040,06/01/2016,11/11/2018,208,30/12/2018,49,624,6,N
CG-12520,15/10/2016,26/01/2018,234,30/12/2018,338,702,3,N
CH-12070,25/06/2016,02/08/2017,201.5,30/12/2018,515,604.5,3,N
CJ-11875,30/12/2017,30/12/2017,0,30/12/2018,365,0,1,Y
CJ-12010,12/03/2017,24/06/2018,67,30/12/2018,189,201,8,N
CK-12205,16/06/2015,05/12/2018,105.6666667,30/12/2018,25,317,13,N
CK-12325,06/02/2015,17/02/2018,276.75,30/12/2018,316,830.25,5,N
CK-12595,26/12/2015,17/11/2018,105.7,30/12/2018,43,317.1,11,N
CK-12760,02/07/2015,10/09/2018,145.75,30/12/2018,111,437.25,9,N
CL-11890,26/07/2015,06/10/2018,389.3333333,30/12/2018,85,1168,4,N
CL-12565,09/02/2015,21/03/2018,103.2727273,30/12/2018,284,309.8181818,12,N
CL-12700,24/04/2017,14/04/2018,118.3333333,30/12/2018,260,355,4,N
CM-11815,14/11/2015,03/10/2018,210.8,30/12/2018,88,632.4,6,N
CM-11935,24/09/2016,22/01/2017,120,30/12/2018,707,360,2,Y
CM-12115,29/03/2016,22/12/2018,332.6666667,30/12/2018,8,998,4,N
CM-12160,21/10/2017,21/10/2018,73,30/12/2018,70,219,6,N
CM-12190,11/09/2016,22/12/2018,166.4,30/12/2018,8,499.2,6,N
CM-12235,05/01/2017,08/12/2017,84.25,30/12/2018,387,252.75,5,Y
CM-12385,16/03/2016,23/11/2018,327.3333333,30/12/2018,37,982,4,N
CM-12445,06/09/2015,20/10/2017,387.5,30/12/2018,436,1162.5,3,N
CM-12655,11/03/2016,12/03/2018,182.75,30/12/2018,293,548.25,5,N
CM-12715,03/07/2015,03/01/2016,61.33333333,30/12/2018,1092,184,4,Y
CP-12085,12/04/2015,10/09/2018,178.1428571,30/12/2018,111,534.4285714,8,N
CP-12340,17/03/2015,23/07/2018,204,30/12/2018,160,612,7,N
CR-12580,18/04/2017,11/03/2018,109,30/12/2018,294,327,4,N
CR-12625,06/01/2015,16/09/2017,492,30/12/2018,470,1476,3,N
CR-12730,20/08/2015,13/10/2018,383.3333333,30/12/2018,78,1150,4,N
CR-12820,24/01/2016,10/06/2018,434,30/12/2018,203,1302,3,N
CS-11845,14/12/2015,02/11/2018,263.5,30/12/2018,58,790.5,5,N
CS-11860,05/02/2015,07/12/2018,280.2,30/12/2018,23,840.6,6,N
CS-11950,06/08/2015,24/10/2018,117.5,30/12/2018,67,352.5,11,N
CS-12130,08/05/2015,28/08/2017,281,30/12/2018,489,843,4,N
CS-12175,08/12/2015,05/12/2018,273.25,30/12/2018,25,819.75,5,N
CS-12250,13/01/2015,23/11/2018,128.1818182,30/12/2018,37,384.5454545,12,N
CS-12355,15/08/2015,24/12/2018,136.3333333,30/12/2018,6,409,10,N
CS-12400,26/09/2015,28/12/2018,148.625,30/12/2018,2,445.875,9,N
CS-12460,07/03/2018,12/03/2018,5,30/12/2018,293,15,2,Y
CS-12490,01/12/2016,08/12/2017,124,30/12/2018,387,372,4,Y
CS-12505,26/03/2015,11/02/2018,210.6,30/12/2018,322,631.8,6,N
CT-11995,05/07/2015,25/09/2018,168.2857143,30/12/2018,96,504.8571429,8,N
CV-12295,09/02/2015,20/04/2018,291.5,30/12/2018,254,874.5,5,N
CV-12805,09/01/2017,25/12/2018,89.375,30/12/2018,5,268.125,9,N
CW-11905,06/09/2015,12/08/2018,214.2,30/12/2018,140,642.6,6,N
CY-12745,12/12/2015,31/10/2018,175.6666667,30/12/2018,60,527,7,N
Co-12640,20/06/2015,29/06/2017,185,30/12/2018,549,555,5,N
DA-13450,25/04/2015,01/12/2018,438.6666667,30/12/2018,29,1316,4,N
DB-12910,24/10/2015,09/11/2018,158.8571429,30/12/2018,51,476.5714286,8,N
DB-12970,11/12/2015,05/03/2018,271.6666667,30/12/2018,300,815,4,N
DB-13060,03/01/2015,14/12/2018,288.2,30/12/2018,16,864.6,6,N
DB-13120,05/01/2016,11/12/2018,178.5,30/12/2018,19,535.5,7,N
DB-13210,22/03/2016,21/12/2018,111.5555556,30/12/2018,9,334.6666667,10,N
DB-13270,02/04/2015,11/07/2018,170.8571429,30/12/2018,172,512.5714286,8,N
DB-13360,19/11/2015,04/10/2018,262.5,30/12/2018,87,787.5,5,N
DB-13405,08/08/2016,26/06/2018,229,30/12/2018,187,687,4,N
DB-13555,21/04/2015,14/09/2018,207,30/12/2018,107,621,7,N
DB-13615,30/09/2015,27/11/2018,192.3333333,30/12/2018,33,577,7,N
DB-13660,17/06/2015,18/12/2018,213.3333333,30/12/2018,12,640,7,N
DC-12850,07/05/2015,23/11/2018,162,30/12/2018,37,486,9,N
DC-13285,29/12/2015,12/07/2018,231.5,30/12/2018,171,694.5,5,N
DD-13570,31/03/2015,19/11/2018,265.8,30/12/2018,41,797.4,6,N
DE-13255,11/05/2015,01/11/2017,226.25,30/12/2018,424,678.75,5,N
DF-13135,10/04/2015,30/01/2017,330.5,30/12/2018,699,991.5,3,N
DG-13300,11/01/2015,28/11/2018,354.25,30/12/2018,32,1062.75,5,N
DH-13075,21/11/2015,28/03/2018,214.5,30/12/2018,277,643.5,5,N
DH-13675,28/11/2015,15/11/2016,117.6666667,30/12/2018,775,353,4,Y
DJ-13420,12/08/2015,04/02/2017,180.6666667,30/12/2018,694,542,4,Y
DJ-13510,17/08/2015,11/12/2018,173.1428571,30/12/2018,19,519.4285714,8,N
DJ-13630,14/12/2016,18/12/2018,367,30/12/2018,12,1101,3,N
DK-12835,26/03/2015,21/10/2018,118.6363636,30/12/2018,70,355.9090909,12,N
DK-12895,03/08/2016,08/12/2018,214.25,30/12/2018,22,642.75,5,N
DK-12985,24/11/2015,23/12/2018,281.25,30/12/2018,7,843.75,5,N
DK-13090,03/02/2016,18/11/2018,169.8333333,30/12/2018,42,509.5,7,N
DK-13150,12/05/2015,20/12/2018,1318,30/12/2018,10,3954,2,N
DK-13225,14/03/2015,20/12/2018,172.125,30/12/2018,10,516.375,9,N
DK-13375,09/07/2015,11/12/2018,178.7142857,30/12/2018,19,536.1428571,8,N
DL-12865,29/06/2015,21/09/2018,196.6666667,30/12/2018,100,590,7,N
DL-12925,11/01/2015,11/03/2018,231,30/12/2018,294,693,6,N
DL-13315,16/01/2015,25/11/2018,201.2857143,30/12/2018,35,603.8571429,8,N
DL-13330,23/06/2015,11/03/2018,330.6666667,30/12/2018,294,992,4,N
DL-13495,25/12/2016,15/10/2018,94.14285714,30/12/2018,76,282.4285714,8,N
DM-12955,12/09/2015,09/07/2018,171.8333333,30/12/2018,174,515.5,7,N
DM-13015,14/09/2015,23/10/2018,189.1666667,30/12/2018,68,567.5,7,N
DM-13345,11/03/2015,12/08/2018,178.5714286,30/12/2018,140,535.7142857,8,N
DM-13525,07/05/2015,09/05/2017,366.5,30/12/2018,600,1099.5,3,N
DN-13690,10/08/2015,27/05/2018,170.1666667,30/12/2018,217,510.5,7,N
DO-13435,10/03/2015,19/08/2018,157.25,30/12/2018,133,471.75,9,N
DO-13645,11/07/2016,27/11/2018,144.8333333,30/12/2018,33,434.5,7,N
DP-13000,01/03/2015,26/08/2018,182,30/12/2018,126,546,8,N
DP-13105,22/08/2016,24/12/2018,122,30/12/2018,6,366,8,N
DP-13165,12/02/2015,10/10/2016,606,30/12/2018,811,1818,2,N
DP-13390,07/05/2015,01/06/2018,140.125,30/12/2018,212,420.375,9,N
DR-12880,25/09/2016,27/12/2018,102.875,30/12/2018,3,308.625,9,N
DR-12940,28/03/2015,08/11/2018,188.7142857,30/12/2018,52,566.1428571,8,N
DS-13030,07/09/2015,28/09/2018,372.3333333,30/12/2018,93,1117,4,N
DS-13180,28/04/2015,12/07/2018,146.375,30/12/2018,171,439.125,9,N
DV-13045,23/09/2017,12/11/2018,103.75,30/12/2018,48,311.25,5,N
DV-13465,22/06/2015,06/11/2018,308.25,30/12/2018,54,924.75,5,N
DW-13195,18/01/2015,22/10/2018,274.6,30/12/2018,69,823.8,6,N
DW-13480,06/01/2015,27/05/2018,309.25,30/12/2018,217,927.75,5,N
DW-13540,04/01/2017,23/09/2018,156.75,30/12/2018,98,470.25,5,N
DW-13585,24/08/2015,14/04/2018,160.6666667,30/12/2018,260,482,7,N
Dl-13600,07/01/2015,06/08/2018,326.75,30/12/2018,146,980.25,5,N
Dp-13240,26/05/2015,15/09/2018,120.8,30/12/2018,106,362.4,11,N
EA-14035,12/05/2015,31/07/2018,106.9090909,30/12/2018,152,320.7272727,12,N
EB-13705,07/08/2015,11/12/2018,152.75,30/12/2018,19,458.25,9,N
EB-13750,06/05/2016,25/11/2018,103.6666667,30/12/2018,35,311,10,N
EB-13840,30/05/2015,10/01/2018,318.6666667,30/12/2018,354,956,4,N
EB-13870,05/05/2015,03/10/2018,138.5555556,30/12/2018,88,415.6666667,10,N
EB-13930,02/02/2015,22/07/2018,316.5,30/12/2018,161,949.5,5,N
EB-13975,01/04/2017,30/12/2018,212.6666667,30/12/2018,0,638,4,N
EB-14110,13/04/2016,09/08/2018,169.6,30/12/2018,143,508.8,6,N
EB-14170,29/09/2015,10/09/2018,215.4,30/12/2018,111,646.2,6,N
EC-14050,17/12/2015,31/07/2018,239.25,30/12/2018,152,717.75,5,N
ED-13885,08/09/2015,17/08/2018,153.4285714,30/12/2018,135,460.2857143,8,N
EG-13900,11/02/2016,17/11/2018,252.5,30/12/2018,43,757.5,5,N
EH-13765,18/10/2015,17/08/2018,114.8888889,30/12/2018,135,344.6666667,10,N
EH-13945,07/02/2015,27/05/2018,172.1428571,30/12/2018,217,516.4285714,8,N
EH-13990,15/01/2015,20/11/2017,208,30/12/2018,405,624,6,N
EH-14005,13/05/2015,28/12/2018,220.8333333,30/12/2018,2,662.5,7,N
EH-14125,19/10/2015,31/07/2018,112.8888889,30/12/2018,152,338.6666667,10,N
EH-14185,22/05/2015,16/09/2018,242.6,30/12/2018,105,727.8,6,N
EJ-13720,27/01/2015,03/03/2018,377,30/12/2018,302,1131,4,N
EJ-14155,03/03/2015,14/05/2018,292,30/12/2018,230,876,5,N
EK-13795,18/03/2015,16/11/2018,446.3333333,30/12/2018,44,1339,4,N
EL-13735,22/04/2017,14/10/2018,540,30/12/2018,77,1620,2,N
EM-13810,06/07/2016,20/08/2018,193.75,30/12/2018,132,581.25,5,N
EM-13825,12/02/2015,20/07/2018,179.1428571,30/12/2018,163,537.4285714,8,N
EM-13960,10/01/2016,08/01/2018,243,30/12/2018,356,729,4,N
EM-14065,22/07/2015,13/11/2018,403.3333333,30/12/2018,47,1210,4,N
EM-14095,08/07/2016,09/08/2018,254,30/12/2018,143,762,4,N
EM-14140,19/07/2015,11/12/2018,248.2,30/12/2018,19,744.6,6,N
EM-14200,20/12/2016,25/07/2018,291,30/12/2018,158,873,3,N
EN-13780,30/05/2016,18/03/2018,219,30/12/2018,287,657,4,N
EP-13915,07/06/2015,18/12/2018,80.625,30/12/2018,12,241.875,17,N
ER-13855,21/12/2016,09/06/2017,85,30/12/2018,569,255,3,Y
ES-14020,20/09/2015,20/11/2018,289.25,30/12/2018,40,867.75,5,N
ES-14080,10/02/2015,19/09/2018,164.625,30/12/2018,102,493.875,9,N
FA-14230,19/09/2015,24/09/2018,183.5,30/12/2018,97,550.5,7,N
FC-14245,13/06/2016,21/10/2018,143.3333333,30/12/2018,70,430,7,N
FC-14335,10/10/2015,29/06/2018,165.5,30/12/2018,184,496.5,7,N
FG-14260,21/05/2015,26/11/2018,214.1666667,30/12/2018,34,642.5,7,N
FH-14275,04/06/2015,23/11/2018,140.8888889,30/12/2018,37,422.6666667,10,N
FH-14350,23/08/2016,13/02/2018,179.6666667,30/12/2018,320,539,4,N
FH-14365,20/10/2015,25/12/2018,166,30/12/2018,5,498,8,N
FM-14215,13/06/2015,23/12/2018,143.2222222,30/12/2018,7,429.6666667,10,N
FM-14290,26/08/2015,24/11/2018,148.25,30/12/2018,36,444.75,9,N
FM-14380,10/09/2016,08/07/2018,83.25,30/12/2018,175,249.75,9,N
FO-14305,06/09/2015,22/11/2018,130.3333333,30/12/2018,38,391,10,N
FP-14320,12/07/2015,12/07/2018,156.5714286,30/12/2018,171,469.7142857,8,N
FW-14395,22/03/2016,01/02/2018,340.5,30/12/2018,332,1021.5,3,N
GA-14515,17/04/2016,24/06/2018,199.5,30/12/2018,189,598.5,5,N
GA-14725,30/03/2015,25/12/2018,136.6,30/12/2018,5,409.8,11,N
GB-14530,28/04/2015,29/10/2018,128,30/12/2018,62,384,11,N
GB-14575,21/09/2016,17/12/2018,204.25,30/12/2018,13,612.75,5,N
GD-14590,05/05/2015,25/12/2018,443.3333333,30/12/2018,5,1330,4,N
GG-14650,31/10/2015,17/11/2018,139.125,30/12/2018,43,417.375,9,N
GH-14410,08/03/2015,16/10/2018,164.75,30/12/2018,75,494.25,9,N
GH-14425,17/06/2015,11/10/2018,404,30/12/2018,80,1212,4,N
GH-14485,10/08/2016,12/08/2017,367,30/12/2018,505,1101,2,N
GH-14665,17/11/2016,28/12/2018,771,30/12/2018,2,2313,2,N
GK-14620,25/06/2015,09/09/2018,146.5,30/12/2018,112,439.5,9,N
GM-14440,21/03/2015,10/08/2018,206.3333333,30/12/2018,142,619,7,N
GM-14455,04/11/2015,14/12/2018,227.2,30/12/2018,16,681.6,6,N
GM-14500,08/09/2015,15/09/2018,122.5555556,30/12/2018,106,367.6666667,10,N
GM-14680,05/10/2015,31/07/2018,206,30/12/2018,152,618,6,N
GM-14695,04/05/2015,09/04/2018,535.5,30/12/2018,265,1606.5,3,N
GP-14740,04/06/2015,26/11/2016,541,30/12/2018,764,1623,2,N
GR-14560,19/11/2015,21/11/2015,2,30/12/2018,1135,6,2,Y
GT-14635,06/06/2015,11/04/2018,520,30/12/2018,263,1560,3,N
GT-14710,23/05/2015,24/11/2018,142.3333333,30/12/2018,36,427,10,N
GT-14755,18/02/2016,26/11/2018,337.3333333,30/12/2018,34,1012,4,N
GW-14605,03/01/2015,29/07/2018,217.1666667,30/12/2018,154,651.5,7,N
GZ-14470,08/05/2015,23/12/2018,165.625,30/12/2018,7,496.875,9,N
GZ-14545,28/09/2015,06/10/2018,368,30/12/2018,85,1104,4,N
HA-14905,30/06/2015,22/10/2018,201.6666667,30/12/2018,69,605,7,N
HA-14920,10/11/2015,09/11/2018,156.4285714,30/12/2018,51,469.2857143,8,N
HD-14785,05/11/2015,22/11/2016,191.5,30/12/2018,768,574.5,3,Y
HE-14800,30/01/2017,18/12/2018,343.5,30/12/2018,12,1030.5,3,N
HF-14995,26/05/2015,12/09/2018,200.8333333,30/12/2018,109,602.5,7,N
HG-14845,29/04/2015,10/09/2018,307.5,30/12/2018,111,922.5,5,N
HG-14965,20/09/2015,12/07/2018,93.27272727,30/12/2018,171,279.8181818,12,N
HG-15025,14/10/2015,24/12/2018,194.5,30/12/2018,6,583.5,7,N
HH-15010,29/08/2015,19/10/2018,1147,30/12/2018,72,3441,2,N
HJ-14875,13/04/2016,26/08/2018,216.25,30/12/2018,126,648.75,5,N
HK-14890,06/10/2015,26/03/2018,128.8571429,30/12/2018,279,386.5714286,8,N
HL-15040,20/01/2015,17/11/2018,279.4,30/12/2018,43,838.2,6,N
HM-14860,21/07/2015,28/12/2018,157,30/12/2018,2,471,9,N
HM-14980,10/02/2016,04/11/2018,332.6666667,30/12/2018,56,998,4,N
HP-14815,05/06/2015,30/11/2018,212.3333333,30/12/2018,30,637,7,N
HR-14770,03/01/2015,17/12/2018,481.3333333,30/12/2018,13,1444,4,N
HR-14830,24/11/2015,24/07/2018,162.1666667,30/12/2018,159,486.5,7,N
HW-14935,27/09/2016,18/08/2018,115,30/12/2018,134,345,7,N
HZ-14950,14/03/2017,25/11/2018,155.25,30/12/2018,35,465.75,5,N
IG-15085,18/10/2015,20/10/2018,366,30/12/2018,71,1098,4,N
IL-15100,08/01/2015,08/10/2018,228.1666667,30/12/2018,83,684.5,7,N
IM-15055,23/01/2015,16/11/2017,1028,30/12/2018,409,3084,2,N
IM-15070,19/12/2015,23/06/2017,92,30/12/2018,555,276,7,Y
JA-15970,17/09/2015,29/09/2018,158.2857143,30/12/2018,92,474.8571429,8,N
JB-15400,14/09/2015,23/12/2018,149.5,30/12/2018,7,448.5,9,N
JB-15925,12/05/2015,24/12/2016,296,30/12/2018,736,888,3,N
JB-16000,01/10/2017,17/11/2018,68.66666667,30/12/2018,43,206,7,N
JB-16045,05/03/2016,23/12/2018,255.75,30/12/2018,7,767.25,5,N
JC-15340,28/01/2015,09/07/2018,419.3333333,30/12/2018,174,1258,4,N
JC-15385,07/08/2018,07/08/2018,0,30/12/2018,145,0,1,Y
JC-15775,14/09/2015,25/07/2018,130.625,30/12/2018,158,391.875,9,N
JC-16105,18/11/2015,23/10/2018,267.5,30/12/2018,68,802.5,5,N
JD-15790,04/02/2016,09/04/2018,198.75,30/12/2018,265,596.25,5,N
JD-15895,26/03/2015,31/10/2017,95,30/12/2018,425,285,11,Y
JD-16015,10/04/2015,07/11/2018,261.4,30/12/2018,53,784.2,6,N
JD-16060,24/09/2015,03/05/2018,476,30/12/2018,241,1428,3,N
JD-16150,16/11/2015,19/11/2018,157,30/12/2018,41,471,8,N
JE-15475,16/03/2016,20/06/2018,165.2,30/12/2018,193,495.6,6,N
JE-15610,14/10/2015,11/12/2018,192.3333333,30/12/2018,19,577,7,N
JE-15715,25/08/2015,14/11/2018,147.125,30/12/2018,46,441.375,9,N
JE-15745,22/06/2015,22/09/2018,99,30/12/2018,99,297,13,N
JE-16165,12/05/2017,20/10/2018,263,30/12/2018,71,789,3,N
JF-15190,15/11/2015,26/10/2018,215.2,30/12/2018,65,645.6,6,N
JF-15295,14/03/2015,19/05/2018,290.5,30/12/2018,225,871.5,5,N
JF-15355,23/10/2016,16/09/2018,138.6,30/12/2018,105,415.8,6,N
JF-15415,22/08/2015,28/12/2018,306,30/12/2018,2,918,5,N
JF-15490,19/10/2015,31/08/2018,116.3333333,30/12/2018,121,349,10,N
JF-15565,10/11/2015,11/06/2018,134.8571429,30/12/2018,202,404.5714286,8,N
JG-15115,10/08/2015,12/03/2016,107.5,30/12/2018,1023,322.5,3,Y
JG-15160,30/05/2015,29/12/2018,145.4444444,30/12/2018,1,436.3333333,10,N
JG-15310,03/03/2017,28/12/2018,133,30/12/2018,2,399,6,N
JG-15805,04/05/2015,21/05/2018,222.6,30/12/2018,223,667.8,6,N
JH-15430,24/02/2015,25/12/2018,466.6666667,30/12/2018,5,1400,4,N
JH-15820,19/05/2015,07/09/2018,241.4,30/12/2018,114,724.2,6,N
JH-15910,13/09/2016,05/12/2018,135.5,30/12/2018,25,406.5,7,N
JH-15985,08/09/2015,12/01/2018,171.4,30/12/2018,352,514.2,6,N
JH-16180,11/01/2016,21/11/2017,226.6666667,30/12/2018,404,680,4,N
JJ-15445,03/05/2016,16/06/2017,102.25,30/12/2018,562,306.75,5,Y
JJ-15760,10/05/2016,12/08/2016,94,30/12/2018,870,282,2,Y
JK-15205,27/09/2016,30/10/2018,254.3333333,30/12/2018,61,763,4,N
JK-15325,21/11/2015,18/03/2018,424,30/12/2018,287,1272,3,N
JK-15370,04/11/2015,16/11/2018,184.6666667,30/12/2018,44,554,7,N
JK-15625,31/05/2015,30/10/2018,208,30/12/2018,61,624,7,N
JK-15640,19/09/2015,07/03/2018,112.5,30/12/2018,298,337.5,9,N
JK-15730,12/01/2015,10/07/2018,159.375,30/12/2018,173,478.125,9,N
JK-16090,21/04/2016,12/02/2018,331,30/12/2018,321,993,3,N
JK-16120,11/02/2015,05/11/2018,151.4444444,30/12/2018,55,454.3333333,10,N
JL-15130,09/01/2015,22/12/2018,288.6,30/12/2018,8,865.8,6,N
JL-15175,31/12/2015,24/12/2018,272.25,30/12/2018,6,816.75,5,N
JL-15235,25/05/2015,28/04/2018,267.25,30/12/2018,246,801.75,5,N
JL-15505,14/11/2015,11/11/2018,218.6,30/12/2018,49,655.8,6,N
JL-15835,18/04/2015,12/09/2018,138.1111111,30/12/2018,109,414.3333333,10,N
JL-15850,22/07/2015,25/04/2017,128.6,30/12/2018,614,385.8,6,Y
JM-15250,29/03/2017,23/11/2018,120.8,30/12/2018,37,362.4,6,N
JM-15265,25/08/2015,23/11/2018,296.5,30/12/2018,37,889.5,5,N
JM-15535,13/09/2015,09/12/2018,197.1666667,30/12/2018,21,591.5,7,N
JM-15580,14/04/2017,30/12/2018,156.25,30/12/2018,0,468.75,5,N
JM-15655,04/08/2015,22/12/2018,309,30/12/2018,8,927,5,N
JM-15865,19/11/2015,09/12/2018,186,30/12/2018,21,558,7,N
JM-16195,09/02/2015,08/12/2018,155.3333333,30/12/2018,22,466,10,N
JO-15145,11/01/2015,27/10/2018,173.125,30/12/2018,64,519.375,9,N
JO-15280,31/03/2015,29/09/2018,255.6,30/12/2018,92,766.8,6,N
JO-15550,19/03/2016,29/05/2018,200.25,30/12/2018,215,600.75,5,N
JP-15460,24/08/2015,23/11/2018,197.8333333,30/12/2018,37,593.5,7,N
JP-15520,22/08/2015,22/12/2018,203,30/12/2018,8,609,7,N
JP-16135,23/09/2015,05/12/2018,146.125,30/12/2018,25,438.375,9,N
JR-15670,24/12/2016,16/05/2017,143,30/12/2018,593,429,2,Y
JR-15700,23/10/2018,23/10/2018,0,30/12/2018,68,0,1,Y
JR-16210,18/09/2016,27/11/2018,200,30/12/2018,33,600,5,N
JS-15595,03/03/2015,09/02/2018,358,30/12/2018,324,1074,4,N
JS-15685,14/06/2017,18/11/2018,261,30/12/2018,42,783,3,N
JS-15880,04/08/2015,02/12/2017,212.75,30/12/2018,393,638.25,5,N
JS-15940,05/03/2015,23/09/2017,233.25,30/12/2018,463,699.75,5,N
JS-16030,27/02/2015,19/10/2018,266,30/12/2018,72,798,6,N
JW-15220,30/04/2016,18/11/2018,186.4,30/12/2018,42,559.2,6,N
JW-15955,16/08/2016,25/12/2018,172.2,30/12/2018,5,516.6,6,N
JW-16075,21/03/2016,25/09/2017,184.3333333,30/12/2018,461,553,4,N
KA-16525,03/11/2015,24/11/2018,186.1666667,30/12/2018,36,558.5,7,N
KB-16240,31/03/2015,26/12/2018,273.2,30/12/2018,4,819.6,6,N
KB-16315,26/08/2015,03/09/2018,138,30/12/2018,118,414,9,N
KB-16405,20/11/2016,09/04/2018,252.5,30/12/2018,265,757.5,3,N
KB-16585,04/04/2015,03/12/2018,121.7272727,30/12/2018,27,365.1818182,12,N
KB-16600,30/12/2015,29/12/2018,182.5,30/12/2018,1,547.5,7,N
KC-16255,09/08/2015,18/11/2017,166.4,30/12/2018,407,499.2,6,N
KC-16540,11/02/2016,24/09/2018,318.6666667,30/12/2018,97,956,4,N
KC-16675,13/12/2015,26/05/2018,298.3333333,30/12/2018,218,895,4,N
KD-16270,11/11/2015,06/04/2017,128,30/12/2018,633,384,5,Y
KD-16345,09/02/2015,19/11/2018,275.8,30/12/2018,41,827.4,6,N
KD-16495,28/09/2015,09/09/2018,97.90909091,30/12/2018,112,293.7272727,12,N
KD-16615,30/04/2017,16/03/2018,106.6666667,30/12/2018,289,320,4,N
KE-16420,07/04/2015,13/11/2018,219.3333333,30/12/2018,47,658,7,N
KF-16285,26/09/2015,09/11/2018,190,30/12/2018,51,570,7,N
KH-16330,04/01/2015,20/11/2018,202.2857143,30/12/2018,40,606.8571429,8,N
KH-16360,29/04/2015,29/12/2018,268,30/12/2018,1,804,6,N
KH-16510,10/05/2015,28/10/2018,253.4,30/12/2018,63,760.2,6,N
KH-16630,11/01/2015,09/11/2018,174.75,30/12/2018,51,524.25,9,N
KH-16690,21/03/2015,28/12/2018,229.6666667,30/12/2018,2,689,7,N
KL-16555,15/06/2015,14/12/2018,182.5714286,30/12/2018,16,547.7142857,8,N
KL-16645,25/07/2015,13/11/2018,109.7272727,30/12/2018,47,329.1818182,12,N
KM-16225,07/06/2016,16/12/2018,184.4,30/12/2018,14,553.2,6,N
KM-16375,20/07/2015,11/04/2018,142.2857143,30/12/2018,263,426.8571429,8,N
KM-16660,22/12/2015,15/12/2018,272.25,30/12/2018,15,816.75,5,N
KM-16720,04/01/2015,12/02/2018,162.1428571,30/12/2018,321,486.4285714,8,N
KN-16390,12/02/2015,12/11/2018,195.5714286,30/12/2018,48,586.7142857,8,N
KN-16450,04/12/2015,11/08/2018,245.25,30/12/2018,141,735.75,5,N
KN-16705,03/02/2015,06/11/2018,228.6666667,30/12/2018,54,686,7,N
KS-16300,13/01/2016,03/10/2018,497,30/12/2018,88,1491,3,N
KT-16465,09/08/2015,14/04/2017,102.3333333,30/12/2018,625,307,7,Y
KT-16480,05/08/2015,21/09/2018,127,30/12/2018,100,381,10,N
KW-16435,12/06/2016,25/09/2018,208.75,30/12/2018,96,626.25,5,N
KW-16570,30/09/2015,20/11/2016,139,30/12/2018,770,417,4,Y
LA-16780,29/04/2015,29/07/2018,118.7,30/12/2018,154,356.1,11,N
LB-16735,25/07/2017,11/12/2018,252,30/12/2018,19,756,3,N
LB-16795,23/04/2015,05/09/2018,175.8571429,30/12/2018,116,527.5714286,8,N
LC-16870,05/03/2016,23/09/2018,133.1428571,30/12/2018,98,399.4285714,8,N
LC-16885,25/04/2015,14/12/2018,120.8181818,30/12/2018,16,362.4545455,12,N
LC-16930,20/02/2015,19/11/2018,195.4285714,30/12/2018,41,586.2857143,8,N
LC-16960,12/01/2016,20/10/2017,215.6666667,30/12/2018,436,647,4,N
LC-17050,31/01/2015,09/09/2018,329.25,30/12/2018,112,987.75,5,N
LC-17140,09/09/2015,17/12/2018,170.7142857,30/12/2018,13,512.1428571,8,N
LD-16855,26/06/2017,26/06/2017,0,30/12/2018,552,0,1,Y
LD-17005,29/09/2015,11/11/2017,258,30/12/2018,414,774,4,N
LE-16810,27/05/2015,12/09/2018,240.8,30/12/2018,109,722.4,6,N
LF-17185,12/06/2015,12/08/2018,192.8333333,30/12/2018,140,578.5,7,N
LH-16750,21/09/2015,25/04/2018,473.5,30/12/2018,249,1420.5,3,N
LH-16900,09/01/2015,12/09/2018,167.75,30/12/2018,109,503.25,9,N
LH-17020,09/08/2015,05/05/2018,333.3333333,30/12/2018,239,1000,4,N
LH-17155,12/12/2015,29/10/2017,85.875,30/12/2018,427,257.625,9,Y
LL-16840,29/04/2015,25/04/2018,273,30/12/2018,249,819,5,N
LM-17065,27/06/2015,08/06/2017,178,30/12/2018,570,534,5,Y
LO-17170,02/06/2016,28/12/2018,234.75,30/12/2018,2,704.25,5,N
LP-17080,24/06/2015,20/11/2018,415,30/12/2018,40,1245,4,N
LP-17095,10/02/2017,21/12/2018,135.8,30/12/2018,9,407.4,6,N
LR-16915,08/08/2015,12/04/2018,195.6,30/12/2018,262,586.8,6,N
LR-17035,09/07/2015,20/08/2018,284.5,30/12/2018,132,853.5,5,N
LS-16945,25/04/2016,01/12/2018,190,30/12/2018,29,570,6,N
LS-16975,20/10/2015,11/12/2018,143.5,30/12/2018,19,430.5,9,N
LS-17200,18/10/2015,25/09/2018,214.6,30/12/2018,96,643.8,6,N
LS-17230,01/06/2015,14/11/2016,266,30/12/2018,776,798,3,N
LS-17245,16/10/2015,26/11/2018,227.4,30/12/2018,34,682.2,6,N
LT-16765,09/01/2015,12/04/2018,594.5,30/12/2018,262,1783.5,3,N
LT-17110,06/01/2015,26/11/2018,202.8571429,30/12/2018,34,608.5714286,8,N
LW-16825,07/01/2015,10/03/2018,289.5,30/12/2018,295,868.5,5,N
LW-16990,05/05/2017,27/11/2018,114.2,30/12/2018,33,342.6,6,N
LW-17125,09/11/2015,06/08/2018,500.5,30/12/2018,146,1501.5,3,N
LW-17215,09/12/2015,04/11/2018,176.8333333,30/12/2018,56,530.5,7,N
MA-17560,08/08/2015,27/10/2018,117.6,30/12/2018,64,352.8,11,N
MA-17995,20/09/2015,27/06/2018,202.2,30/12/2018,186,606.6,6,N
MB-17305,08/08/2015,11/12/2018,135.6666667,30/12/2018,19,407,10,N
MB-18085,01/05/2015,16/11/2018,215.8333333,30/12/2018,44,647.5,7,N
MC-17275,09/08/2015,15/10/2018,166.1428571,30/12/2018,76,498.4285714,8,N
MC-17425,30/05/2015,26/11/2017,227.75,30/12/2018,399,683.25,5,N
MC-17575,12/02/2015,08/07/2018,177.4285714,30/12/2018,175,532.2857143,8,N
MC-17590,20/05/2015,11/09/2018,242,30/12/2018,110,726,6,N
MC-17605,12/01/2015,09/09/2018,190.8571429,30/12/2018,112,572.5714286,8,N
MC-17635,12/03/2015,24/06/2018,400,30/12/2018,189,1200,4,N
MC-17845,07/05/2015,29/12/2018,222,30/12/2018,1,666,7,N
MC-18100,18/06/2015,19/11/2018,138.8888889,30/12/2018,41,416.6666667,10,N
MC-18130,19/09/2015,26/12/2017,207.25,30/12/2018,369,621.75,5,N
MD-17350,11/05/2015,03/10/2018,248.2,30/12/2018,88,744.6,6,N
MD-17860,12/02/2015,24/11/2018,345.25,30/12/2018,36,1035.75,5,N
ME-17320,01/06/2015,06/12/2018,142.6666667,30/12/2018,24,428,10,N
ME-17725,07/12/2015,30/11/2018,155.5714286,30/12/2018,30,466.7142857,8,N
ME-18010,21/07/2015,29/09/2018,388.6666667,30/12/2018,92,1166,4,N
MF-17665,30/12/2015,01/09/2017,152.75,30/12/2018,485,458.25,5,Y
MF-18250,15/09/2015,23/12/2018,298.75,30/12/2018,7,896.25,5,N
MG-17650,08/09/2015,10/12/2018,198.1666667,30/12/2018,20,594.5,7,N
MG-17680,22/10/2015,29/09/2018,357.6666667,30/12/2018,92,1073,4,N
MG-17695,26/12/2015,23/06/2017,272.5,30/12/2018,555,817.5,3,N
MG-17875,23/02/2015,09/05/2018,292.75,30/12/2018,235,878.25,5,N
MG-17890,29/12/2015,22/09/2018,124.75,30/12/2018,99,374.25,9,N
MG-18145,29/03/2015,27/07/2018,405.3333333,30/12/2018,156,1216,4,N
MG-18205,04/10/2018,04/10/2018,0,30/12/2018,87,0,1,Y
MH-17290,26/04/2015,03/11/2018,321.75,30/12/2018,57,965.25,5,N
MH-17440,17/03/2015,19/12/2017,336,30/12/2018,376,1008,4,N
MH-17455,07/11/2015,13/07/2018,163.1666667,30/12/2018,170,489.5,7,N
MH-17620,12/05/2016,28/07/2018,269,30/12/2018,155,807,4,N
MH-17785,27/05/2015,23/09/2018,202.5,30/12/2018,98,607.5,7,N
MH-18025,07/08/2015,11/11/2018,298,30/12/2018,49,894,5,N
MH-18115,23/08/2017,25/12/2018,61.125,30/12/2018,5,183.375,9,N
MJ-17740,06/09/2016,03/11/2018,131.3333333,30/12/2018,57,394,7,N
MK-17905,18/11/2015,13/08/2018,142.7142857,30/12/2018,139,428.1428571,8,N
MK-18160,19/12/2015,05/04/2018,279.3333333,30/12/2018,269,838,4,N
ML-17395,14/02/2015,22/10/2018,168.25,30/12/2018,69,504.75,9,N
ML-17410,14/11/2015,18/07/2018,244.25,30/12/2018,165,732.75,5,N
ML-17755,08/04/2017,30/11/2018,100.1666667,30/12/2018,30,300.5,7,N
ML-18040,26/03/2018,10/12/2018,129.5,30/12/2018,20,388.5,3,N
ML-18265,31/05/2016,21/09/2018,843,30/12/2018,100,2529,2,N
MM-17260,28/05/2015,02/11/2018,418,30/12/2018,58,1254,4,N
MM-17920,13/01/2015,23/12/2018,160,30/12/2018,7,480,10,N
MM-18055,26/05/2015,30/10/2018,179,30/12/2018,61,537,8,N
MM-18280,20/01/2015,06/10/2018,169.375,30/12/2018,85,508.125,9,N
MN-17935,16/02/2015,26/11/2018,275.8,30/12/2018,34,827.4,6,N
MO-17500,28/11/2015,19/10/2018,352,30/12/2018,72,1056,4,N
MO-17800,17/09/2016,17/09/2018,104.2857143,30/12/2018,104,312.8571429,8,N
MO-17950,04/02/2016,07/03/2018,762,30/12/2018,298,2286,2,N
MP-17470,30/03/2015,01/11/2017,189.4,30/12/2018,424,568.2,6,N
MP-17965,10/02/2016,19/10/2018,122.75,30/12/2018,72,368.25,9,N
MP-18175,25/11/2015,14/12/2018,159.2857143,30/12/2018,16,477.8571429,8,N
MR-17545,09/03/2015,27/08/2018,422.3333333,30/12/2018,125,1267,4,N
MS-17365,11/07/2015,04/01/2018,100.8888889,30/12/2018,360,302.6666667,10,Y
MS-17530,11/04/2015,22/10/2017,308.3333333,30/12/2018,434,925,4,N
MS-17710,24/03/2015,11/12/2017,198.6,30/12/2018,384,595.8,6,N
MS-17770,11/03/2015,31/08/2018,158.625,30/12/2018,121,475.875,9,N
MS-17830,01/09/2015,10/04/2017,195.6666667,30/12/2018,629,587,4,Y
MS-17980,30/06/2015,12/04/2018,203.4,30/12/2018,262,610.2,6,N
MT-17815,11/06/2016,11/11/2018,176.6,30/12/2018,49,529.8,6,N
MT-18070,25/09/2015,06/10/2018,369,30/12/2018,85,1107,4,N
MV-17485,20/01/2015,24/11/2018,175.5,30/12/2018,36,526.5,9,N
MV-18190,30/01/2015,12/11/2018,230.3333333,30/12/2018,48,691,7,N
MW-18220,25/08/2015,13/12/2018,201,30/12/2018,17,603,7,N
MW-18235,21/05/2015,16/11/2018,1275,30/12/2018,44,3825,2,N
MY-17380,26/10/2016,24/11/2018,126.5,30/12/2018,36,379.5,7,N
MY-18295,28/04/2015,20/10/2018,141.2222222,30/12/2018,71,423.6666667,10,N
MZ-17335,11/08/2016,30/11/2018,280.3333333,30/12/2018,30,841,4,N
MZ-17515,04/04/2015,23/03/2018,216.8,30/12/2018,282,650.4,6,N
NB-18580,26/09/2015,22/10/2015,26,30/12/2018,1165,78,2,Y
NB-18655,12/05/2015,18/11/2018,160.75,30/12/2018,42,482.25,9,N
NC-18340,30/03/2015,20/05/2018,286.75,30/12/2018,224,860.25,5,N
NC-18415,05/03/2015,19/11/2018,271,30/12/2018,41,813,6,N
NC-18535,23/07/2015,24/12/2018,208.3333333,30/12/2018,6,625,7,N
NC-18625,29/10/2015,06/09/2018,260.75,30/12/2018,115,782.25,5,N
ND-18370,11/01/2015,21/10/2018,172.375,30/12/2018,70,517.125,9,N
ND-18460,02/06/2015,06/10/2018,244.4,30/12/2018,85,733.2,6,N
NF-18385,02/11/2015,10/12/2018,226.8,30/12/2018,20,680.4,6,N
NF-18475,10/01/2015,23/07/2017,308.3333333,30/12/2018,525,925,4,N
NF-18595,19/04/2015,18/08/2018,202.8333333,30/12/2018,134,608.5,7,N
NG-18355,24/11/2015,11/12/2018,278.25,30/12/2018,19,834.75,5,N
NG-18430,12/03/2015,11/12/2018,342.5,30/12/2018,19,1027.5,5,N
NH-18610,19/09/2016,04/08/2018,136.8,30/12/2018,148,410.4,6,N
NK-18490,28/05/2016,10/12/2018,154.3333333,30/12/2018,20,463,7,N
NL-18310,31/10/2015,11/02/2018,278,30/12/2018,322,834,4,N
NM-18445,11/04/2015,23/07/2018,199.8333333,30/12/2018,160,599.5,7,N
NM-18520,12/01/2016,30/04/2018,93.22222222,30/12/2018,244,279.6666667,10,N
NP-18325,13/05/2015,12/05/2018,219,30/12/2018,232,657,6,N
NP-18670,27/02/2016,10/12/2018,254.25,30/12/2018,20,762.75,5,N
NP-18685,03/07/2015,19/11/2017,217.5,30/12/2018,406,652.5,5,N
NP-18700,09/05/2015,14/08/2018,198.8333333,30/12/2018,138,596.5,7,N
NR-18550,06/07/2015,06/03/2018,243.5,30/12/2018,299,730.5,5,N
NS-18505,24/11/2017,24/12/2018,131.6666667,30/12/2018,6,395,4,N
NS-18640,25/06/2015,07/09/2018,117,30/12/2018,114,351,11,N
NW-18400,21/06/2015,07/11/2018,205.8333333,30/12/2018,53,617.5,7,N
NZ-18565,08/02/2015,10/06/2018,152.25,30/12/2018,203,456.75,9,N
ON-18715,12/02/2015,15/11/2017,125.875,30/12/2018,410,377.625,9,Y
OT-18730,20/04/2016,26/10/2018,229.75,30/12/2018,65,689.25,5,N
PA-19060,17/05/2015,18/09/2018,244,30/12/2018,103,732,6,N
PB-18805,20/11/2016,12/05/2018,269,30/12/2018,232,807,3,N
PB-19105,15/11/2015,22/09/2018,347.3333333,30/12/2018,99,1042,4,N
PB-19150,14/07/2015,24/09/2018,166.8571429,30/12/2018,97,500.5714286,8,N
PB-19210,23/11/2015,02/11/2017,710,30/12/2018,423,2130,2,N
PC-18745,31/12/2015,28/12/2018,364.3333333,30/12/2018,2,1093,4,N
PC-19000,04/08/2015,08/01/2016,157,30/12/2018,1087,471,2,Y
PF-19120,05/05/2015,17/09/2016,167,30/12/2018,834,501,4,Y
PF-19165,20/09/2015,17/06/2018,200.2,30/12/2018,196,600.6,6,N
PF-19225,11/03/2017,09/07/2018,121.25,30/12/2018,174,363.75,5,N
PG-18820,21/07/2015,24/11/2018,101.8333333,30/12/2018,36,305.5,13,N
PG-18895,05/11/2015,26/10/2018,135.75,30/12/2018,65,407.25,9,N
PH-18790,21/10/2018,21/10/2018,0,30/12/2018,70,0,1,Y
PJ-18835,28/05/2015,21/11/2018,212.1666667,30/12/2018,39,636.5,7,N
PJ-19015,04/07/2015,18/08/2018,228.2,30/12/2018,134,684.6,6,N
PK-18910,04/04/2015,09/03/2017,705,30/12/2018,661,2115,2,N
PK-19075,11/11/2015,21/12/2018,103.2727273,30/12/2018,9,309.8181818,12,N
PL-18925,11/01/2015,15/12/2018,358.5,30/12/2018,15,1075.5,5,N
PM-18940,05/04/2015,12/09/2017,445.5,30/12/2018,474,1336.5,3,N
PM-19135,19/12/2016,11/09/2018,210.3333333,30/12/2018,110,631,4,N
PN-18775,08/07/2016,30/11/2018,125,30/12/2018,30,375,8,N
PO-18850,11/02/2015,26/12/2018,141.4,30/12/2018,4,424.2,11,N
PO-18865,23/03/2015,30/12/2018,229.6666667,30/12/2018,0,689,7,N
PO-19180,11/10/2016,23/07/2018,81.25,30/12/2018,160,243.75,9,N
PO-19195,01/04/2015,10/05/2018,283.75,30/12/2018,234,851.25,5,N
PP-18955,09/08/2015,24/09/2018,126.8888889,30/12/2018,97,380.6666667,10,N
PR-18880,09/05/2015,24/11/2018,323.75,30/12/2018,36,971.25,5,N
PS-18760,15/06/2015,14/09/2018,237.4,30/12/2018,107,712.2,6,N
PS-18970,15/04/2015,22/10/2018,183.7142857,30/12/2018,69,551.1428571,8,N
PS-19045,20/12/2015,05/08/2018,159.8333333,30/12/2018,147,479.5,7,N
PT-19090,09/12/2015,20/10/2018,523,30/12/2018,71,1569,3,N
PV-18985,07/12/2015,03/11/2018,265.5,30/12/2018,57,796.5,5,N
PW-19030,16/05/2015,14/11/2018,142,30/12/2018,46,426,10,N
PW-19240,18/11/2015,22/09/2017,112.3333333,30/12/2018,464,337,7,Y
QJ-19255,06/01/2015,12/05/2018,152.75,30/12/2018,232,458.25,9,N
RA-19285,13/12/2015,25/12/2018,138.5,30/12/2018,5,415.5,9,N
RA-19885,04/08/2015,26/09/2018,229.8,30/12/2018,95,689.4,6,N
RA-19915,11/01/2015,18/12/2018,179.625,30/12/2018,12,538.875,9,N
RA-19945,29/08/2015,30/10/2018,289.5,30/12/2018,61,868.5,5,N
RB-19330,17/11/2015,23/10/2018,1071,30/12/2018,68,3213,2,N
RB-19360,04/01/2017,25/09/2018,125.8,30/12/2018,96,377.4,6,N
RB-19435,10/10/2015,19/11/2018,189.3333333,30/12/2018,41,568,7,N
RB-19465,14/03/2015,21/12/2018,125.2727273,30/12/2018,9,375.8181818,12,N
RB-19570,09/03/2017,12/05/2018,107.25,30/12/2018,232,321.75,5,N
RB-19645,23/08/2015,22/03/2017,144.25,30/12/2018,648,432.75,5,Y
RB-19705,22/08/2016,14/09/2018,251,30/12/2018,107,753,4,N
RB-19795,06/03/2015,28/11/2018,194.7142857,30/12/2018,32,584.1428571,8,N
RC-19825,12/05/2015,26/12/2017,191.8,30/12/2018,369,575.4,6,N
RC-19960,12/06/2015,09/11/2018,415.3333333,30/12/2018,51,1246,4,N
RD-19480,06/08/2015,19/10/2018,167.1428571,30/12/2018,72,501.4285714,8,N
RD-19585,04/02/2015,07/03/2018,161,30/12/2018,298,483,8,N
RD-19660,24/10/2016,09/07/2018,207.6666667,30/12/2018,174,623,4,N
RD-19720,11/02/2015,12/09/2018,145.4444444,30/12/2018,109,436.3333333,10,N
RD-19810,27/10/2015,16/12/2018,163.7142857,30/12/2018,14,491.1428571,8,N
RD-19900,04/05/2015,09/07/2018,145.25,30/12/2018,174,435.75,9,N
RD-19930,10/03/2015,18/11/2018,449.6666667,30/12/2018,42,1349,4,N
RE-19405,29/12/2015,29/12/2015,0,30/12/2018,1097,0,1,Y
RE-19450,15/08/2016,03/03/2018,188.3333333,30/12/2018,302,565,4,N
RF-19345,20/05/2015,28/11/2017,131.8571429,30/12/2018,397,395.5714286,8,Y
RF-19735,08/06/2015,29/07/2018,191.1666667,30/12/2018,154,573.5,7,N
RF-19840,11/12/2015,24/12/2018,184.8333333,30/12/2018,6,554.5,7,N
RH-19495,23/08/2015,08/12/2018,300.75,30/12/2018,22,902.25,5,N
RH-19510,16/11/2015,03/10/2017,137.4,30/12/2018,453,412.2,6,Y
RH-19555,12/04/2016,29/07/2017,473,30/12/2018,519,1419,2,N
RH-19600,07/02/2016,14/07/2017,261.5,30/12/2018,534,784.5,3,N
RK-19300,20/07/2016,09/02/2018,284.5,30/12/2018,324,853.5,3,N
RL-19615,12/05/2015,31/08/2018,172.4285714,30/12/2018,121,517.2857143,8,N
RM-19375,21/06/2015,19/01/2018,188.6,30/12/2018,345,565.8,6,N
RM-19675,14/11/2015,24/12/2018,284,30/12/2018,6,852,5,N
RM-19750,03/06/2018,03/06/2018,0,30/12/2018,210,0,1,Y
RO-19780,12/04/2016,25/11/2018,159.5,30/12/2018,35,478.5,7,N
RP-19270,19/10/2015,21/08/2017,224,30/12/2018,496,672,4,N
RP-19390,12/01/2015,27/11/2018,128.6363636,30/12/2018,33,385.9090909,12,N
RP-19855,15/02/2016,27/05/2018,138.6666667,30/12/2018,217,416,7,N
RR-19315,14/11/2017,12/11/2018,363,30/12/2018,48,1089,2,N
RR-19525,09/09/2015,13/07/2018,207.6,30/12/2018,170,622.8,6,N
RS-19420,08/05/2015,15/10/2018,314,30/12/2018,76,942,5,N
RS-19765,12/06/2015,24/11/2018,180.1428571,30/12/2018,36,540.4285714,8,N
RS-19870,06/07/2017,12/11/2018,494,30/12/2018,48,1482,2,N
RW-19540,02/03/2016,29/08/2018,151.6666667,30/12/2018,123,455,7,N
RW-19630,28/06/2015,13/04/2018,127.5,30/12/2018,261,382.5,9,N
RW-19690,30/05/2017,10/12/2018,139.75,30/12/2018,20,419.25,5,N
SA-20830,22/02/2015,28/10/2018,149.3333333,30/12/2018,63,448,10,N
SB-20170,06/06/2015,06/12/2018,639.5,30/12/2018,24,1918.5,3,N
SB-20185,20/09/2015,06/12/2018,234.6,30/12/2018,24,703.8,6,N
SB-20290,09/07/2015,13/11/2018,203.8333333,30/12/2018,47,611.5,7,N
SC-20020,04/02/2015,11/10/2016,153.75,30/12/2018,810,461.25,5,Y
SC-20050,18/03/2015,20/11/2018,167.875,30/12/2018,40,503.625,9,N
SC-20095,09/02/2015,15/01/2018,133.875,30/12/2018,349,401.625,9,N
SC-20230,06/06/2017,08/03/2018,91.66666667,30/12/2018,297,275,4,Y
SC-20260,04/06/2015,26/06/2018,159.7142857,30/12/2018,187,479.1428571,8,N
SC-20305,27/01/2016,06/10/2018,196.6,30/12/2018,85,589.8,6,N
SC-20380,03/01/2015,30/11/2018,178.375,30/12/2018,30,535.125,9,N
SC-20440,10/01/2016,24/11/2018,174.8333333,30/12/2018,36,524.5,7,N
SC-20575,16/06/2015,29/09/2018,400.3333333,30/12/2018,92,1201,4,N
SC-20680,21/11/2015,26/08/2018,201.8,30/12/2018,126,605.4,6,N
SC-20695,16/12/2015,08/10/2018,114.1111111,30/12/2018,83,342.3333333,10,N
SC-20725,06/03/2015,26/06/2018,120.8,30/12/2018,187,362.4,11,N
SC-20770,20/06/2016,19/11/2018,147,30/12/2018,41,441,7,N
SC-20800,12/11/2016,30/11/2018,249.3333333,30/12/2018,30,748,4,N
SC-20845,11/11/2017,11/11/2017,0,30/12/2018,414,0,1,Y
SD-20485,26/01/2015,13/06/2018,154.25,30/12/2018,200,462.75,9,N
SE-20110,22/09/2015,21/12/2018,118.6,30/12/2018,9,355.8,11,N
SF-20065,09/10/2015,16/07/2018,168.5,30/12/2018,167,505.5,7,N
SF-20200,23/12/2015,27/08/2018,122.25,30/12/2018,125,366.75,9,N
SF-20965,21/10/2015,11/12/2018,143.375,30/12/2018,19,430.125,9,N
SG-20080,31/10/2016,22/12/2018,391,30/12/2018,8,1173,3,N
SG-20470,26/07/2015,30/06/2018,152.8571429,30/12/2018,183,458.5714286,8,N
SG-20605,11/03/2015,13/09/2018,320.5,30/12/2018,108,961.5,5,N
SG-20890,30/03/2015,18/05/2018,572.5,30/12/2018,226,1717.5,3,N
SH-19975,12/10/2015,27/10/2018,101,30/12/2018,64,303,12,N
SH-20395,11/02/2015,09/10/2018,148.4444444,30/12/2018,82,445.3333333,10,N
SH-20635,16/12/2015,26/11/2016,346,30/12/2018,764,1038,2,N
SJ-20125,22/09/2016,08/11/2018,70.63636364,30/12/2018,52,211.9090909,12,N
SJ-20215,07/06/2016,16/08/2018,160,30/12/2018,136,480,6,N
SJ-20500,31/08/2015,21/04/2018,241,30/12/2018,253,723,5,N
SK-19990,28/11/2017,22/12/2018,194.5,30/12/2018,8,583.5,3,N
SL-20155,10/03/2015,21/10/2018,264.2,30/12/2018,70,792.6,6,N
SM-20005,12/10/2015,23/06/2017,206.6666667,30/12/2018,555,620,4,N
SM-20320,18/03/2015,10/12/2018,340.75,30/12/2018,20,1022.25,5,N
SM-20905,05/03/2017,05/03/2017,0,30/12/2018,665,0,1,Y
SM-20950,11/01/2015,20/07/2018,128.6,30/12/2018,163,385.8,11,N
SN-20560,18/06/2016,09/10/2018,168.6,30/12/2018,82,505.8,6,N
SN-20710,05/06/2015,10/12/2018,214,30/12/2018,20,642,7,N
SO-20335,12/04/2016,09/09/2018,176,30/12/2018,112,528,6,N
SP-20545,13/10/2015,02/06/2018,192.6,30/12/2018,211,577.8,6,N
SP-20620,09/08/2015,13/11/2018,149,30/12/2018,47,447,9,N
SP-20650,11/03/2015,11/12/2017,125.75,30/12/2018,384,377.25,9,Y
SP-20860,15/12/2015,10/12/2018,121.2222222,30/12/2018,20,363.6666667,10,N
SP-20920,22/11/2015,21/10/2018,212.8,30/12/2018,70,638.4,6,N
SR-20425,14/06/2015,22/12/2018,321.75,30/12/2018,8,965.25,5,N
SR-20740,20/02/2015,17/06/2018,173.2857143,30/12/2018,196,519.8571429,8,N
SS-20140,23/11/2015,15/12/2018,159.7142857,30/12/2018,15,479.1428571,8,N
SS-20410,30/05/2015,09/11/2018,251.8,30/12/2018,51,755.4,6,N
SS-20515,14/07/2015,26/08/2017,387,30/12/2018,491,1161,3,N
SS-20590,08/05/2015,24/10/2017,180,30/12/2018,432,540,6,N
SS-20875,14/12/2015,09/01/2018,189.25,30/12/2018,355,567.75,5,N
ST-20530,14/02/2015,27/08/2018,215,30/12/2018,125,645,7,N
SU-20665,12/05/2016,12/10/2018,147.1666667,30/12/2018,79,441.5,7,N
SV-20365,20/04/2015,20/09/2018,138.7777778,30/12/2018,101,416.3333333,10,N
SV-20785,06/02/2015,13/02/2018,137.875,30/12/2018,320,413.625,9,N
SV-20815,05/04/2016,15/10/2018,307.6666667,30/12/2018,76,923,4,N
SV-20935,19/03/2017,28/12/2018,92.71428571,30/12/2018,2,278.1428571,8,N
SW-20245,20/07/2015,10/10/2018,196.3333333,30/12/2018,81,589,7,N
SW-20275,03/10/2015,30/11/2018,230.8,30/12/2018,30,692.4,6,N
SW-20350,17/04/2017,21/07/2018,230,30/12/2018,162,690,3,N
SW-20455,22/06/2016,21/07/2018,151.8,30/12/2018,162,455.4,6,N
SW-20755,11/02/2015,14/07/2017,884,30/12/2018,534,2652,2,N
SZ-20035,11/04/2015,25/11/2018,132.4,30/12/2018,35,397.2,11,N
TA-21385,09/12/2015,22/10/2018,349.3333333,30/12/2018,69,1048,4,N
TB-21055,17/06/2017,21/03/2018,92.33333333,30/12/2018,284,277,4,Y
TB-21175,12/08/2015,11/02/2018,304.6666667,30/12/2018,322,914,4,N
TB-21190,27/12/2015,11/11/2018,350,30/12/2018,49,1050,4,N
TB-21250,12/08/2015,15/01/2018,147.8333333,30/12/2018,349,443.5,7,N
TB-21280,12/01/2015,26/05/2017,173,30/12/2018,583,519,6,Y
TB-21355,25/01/2017,08/06/2018,124.75,30/12/2018,205,374.25,5,N
TB-21400,02/03/2015,06/11/2018,269,30/12/2018,54,807,6,N
TB-21520,17/10/2015,14/09/2018,132.875,30/12/2018,107,398.625,9,N
TB-21595,18/02/2015,20/03/2018,375.3333333,30/12/2018,285,1126,4,N
TB-21625,08/06/2015,30/11/2018,158.875,30/12/2018,30,476.625,9,N
TC-20980,11/07/2015,26/11/2017,217.25,30/12/2018,399,651.75,5,N
TC-21145,15/09/2018,15/09/2018,0,30/12/2018,106,0,1,Y
TC-21295,14/10/2015,14/11/2018,161,30/12/2018,46,483,8,N
TC-21475,22/11/2015,30/07/2018,122.625,30/12/2018,153,367.875,9,N
TC-21535,11/03/2015,26/12/2018,231,30/12/2018,4,693,7,N
TD-20995,19/05/2015,23/11/2018,160.5,30/12/2018,37,481.5,9,N
TG-21310,14/07/2016,27/01/2018,140.5,30/12/2018,337,421.5,5,N
TG-21640,31/03/2015,09/07/2018,398.6666667,30/12/2018,174,1196,4,N
TH-21100,27/09/2015,20/01/2018,211.5,30/12/2018,344,634.5,5,N
TH-21115,23/09/2015,11/02/2018,290.6666667,30/12/2018,322,872,4,N
TH-21235,11/04/2015,06/08/2018,173.2857143,30/12/2018,146,519.8571429,8,N
TH-21550,04/05/2015,19/10/2018,210.6666667,30/12/2018,72,632,7,N
TM-21010,21/02/2015,18/09/2018,217.5,30/12/2018,103,652.5,7,N
TM-21490,30/03/2018,22/08/2018,72.5,30/12/2018,130,217.5,3,N
TN-21040,10/10/2015,10/01/2018,137.1666667,30/12/2018,354,411.5,7,N
TP-21130,14/04/2016,22/12/2018,122.75,30/12/2018,8,368.25,9,N
TP-21415,28/11/2016,17/09/2018,164.5,30/12/2018,104,493.5,5,N
TP-21565,03/01/2016,14/01/2018,247.3333333,30/12/2018,350,742,4,N
TR-21325,12/01/2015,20/06/2018,313.75,30/12/2018,193,941.25,5,N
TS-21085,19/07/2016,01/07/2018,712,30/12/2018,182,2136,2,N
TS-21160,23/04/2015,13/08/2017,168.6,30/12/2018,504,505.8,6,N
TS-21205,21/03/2015,15/06/2018,197,30/12/2018,198,591,7,N
TS-21340,19/01/2015,18/05/2018,303.75,30/12/2018,226,911.25,5,N
TS-21370,28/10/2015,24/11/2018,224.6,30/12/2018,36,673.8,6,N
TS-21430,30/07/2015,07/11/2018,299,30/12/2018,53,897,5,N
TS-21505,20/12/2015,19/12/2018,219,30/12/2018,11,657,6,N
TS-21610,16/08/2015,06/12/2018,201.3333333,30/12/2018,24,604,7,N
TS-21655,25/04/2016,05/06/2018,192.75,30/12/2018,208,578.25,5,N
TT-21070,18/05/2015,29/11/2018,215.1666667,30/12/2018,31,645.5,7,N
TT-21220,23/09/2015,30/06/2018,144.4285714,30/12/2018,183,433.2857143,8,N
TT-21265,15/08/2016,19/11/2017,230.5,30/12/2018,406,691.5,3,N
TT-21460,12/08/2016,18/12/2018,143,30/12/2018,12,429,7,N
TW-21025,22/12/2015,27/10/2018,173.3333333,30/12/2018,64,520,7,N
TZ-21580,11/11/2015,25/11/2018,370,30/12/2018,35,1110,4,N
VB-21745,17/07/2016,03/08/2018,149.4,30/12/2018,149,448.2,6,N
VD-21670,08/04/2015,28/05/2017,156.2,30/12/2018,581,468.6,6,Y
VF-21715,03/01/2015,17/12/2018,361,30/12/2018,13,1083,5,N
VG-21790,08/08/2015,07/08/2018,219,30/12/2018,145,657,6,N
VG-21805,22/09/2015,05/12/2017,268.3333333,30/12/2018,390,805,4,N
VM-21685,04/07/2015,16/07/2018,184.6666667,30/12/2018,167,554,7,N
VM-21835,22/03/2015,09/04/2018,278.5,30/12/2018,265,835.5,5,N
VP-21730,07/05/2016,30/11/2018,468.5,30/12/2018,30,1405.5,3,N
VP-21760,09/06/2015,16/10/2018,204.1666667,30/12/2018,75,612.5,7,N
VS-21820,01/07/2015,23/05/2018,352.3333333,30/12/2018,221,1057,4,N
VT-21700,06/06/2015,04/05/2016,333,30/12/2018,970,999,2,N
VW-21775,15/07/2015,17/11/2018,135.6666667,30/12/2018,43,407,10,N
WB-21850,11/04/2015,11/11/2018,145.5555556,30/12/2018,49,436.6666667,10,N
XP-21865,20/01/2015,17/11/2018,139.7,30/12/2018,43,419.1,11,N
YC-21895,17/11/2015,26/12/2018,283.75,30/12/2018,4,851.25,5,N
YS-21880,25/07/2016,21/12/2018,125.5714286,30/12/2018,9,376.7142857,8,N
ZC-21910,13/10/2015,06/11/2018,93.33333333,30/12/2018,54,280,13,N
ZD-21925,27/08/2015,06/11/2018,291.75,30/12/2018,54,875.25,5,N